record_id,timestamp,stage,hidden_signal_score,simulated_contamination_score,toy_memorization_score,canary_detection_score,ground_truth,evidence_status
SYN-0001,2019-01-01T00:00:00+00:00,SOURCE,0.0443,0.0097,0.0077,0.0986,synthetic_positive,FICTIONAL_SIMULATION_ONLY
SYN-0002,2019-01-10T00:00:00+00:00,SOURCE,0.1037,0.0228,0.0255,0.1225,synthetic_positive,FICTIONAL_SIMULATION_ONLY
SYN-0003,2019-01-19T00:00:00+00:00,SOURCE,0.16,0.0352,0.0,0.0436,synthetic_control,FICTIONAL_SIMULATION_ONLY
SYN-0004,2019-01-28T00:00:00+00:00,SOURCE,0.2826,0.0622,0.0004,0.1108,synthetic_control,FICTIONAL_SIMULATION_ONLY
SYN-0005,2019-02-06T00:00:00+00:00,SOURCE,0.1412,0.0311,0.0,0.1514,synthetic_control,FICTIONAL_SIMULATION_ONLY
SYN-0006,2019-02-15T00:00:00+00:00,SOURCE,0.0513,0.0113,0.0,0.1282,synthetic_control,FICTIONAL_SIMULATION_ONLY
SYN-0007,2019-02-24T00:00:00+00:00,SOURCE,0.1078,0.0237,0.0323,0.1035,synthetic_control,FICTIONAL_SIMULATION_ONLY
SYN-0008,2019-03-05T00:00:00+00:00,SOURCE,0.1753,0.0386,0.014,0.1337,synthetic_positive,FICTIONAL_SIMULATION_ONLY
SYN-0009,2019-03-14T00:00:00+00:00,SOURCE,0.0795,0.0175,0.0043,0.0526,synthetic_positive,FICTIONAL_SIMULATION_ONLY
SYN-0010,2019-03-23T00:00:00+00:00,SOURCE,0.1741,0.0383,0.0,0.0833,synthetic_control,FICTIONAL_SIMULATION_ONLY
SYN-0011,2019-04-01T00:00:00+00:00,SOURCE,0.0672,0.0148,0.0,0.075,synthetic_control,FICTIONAL_SIMULATION_ONLY
SYN-0012,2019-04-10T00:00:00+00:00,SOURCE,0.1451,0.0319,0.0119,0.2604,synthetic_control,FICTIONAL_SIMULATION_ONLY
SYN-0013,2019-04-19T00:00:00+00:00,SOURCE,0.1086,0.0239,0.0426,0.1677,synthetic_control,FICTIONAL_SIMULATION_ONLY
SYN-0014,2019-04-28T00:00:00+00:00,SOURCE,0.2354,0.0518,0.0,0.1117,synthetic_control,FICTIONAL_SIMULATION_ONLY
SYN-0015,2019-05-07T00:00:00+00:00,SOURCE,0.1299,0.0286,0.0,0.1397,synthetic_positive,FICTIONAL_SIMULATION_ONLY
SYN-0016,2019-05-16T00:00:00+00:00,SOURCE,0.1389,0.0306,0.0,0.0957,synthetic_positive,FICTIONAL_SIMULATION_ONLY
SYN-0017,2019-05-25T00:00:00+00:00,SOURCE,0.0497,0.0109,0.0,0.1178,synthetic_control,FICTIONAL_SIMULATION_ONLY
SYN-0018,2019-06-03T00:00:00+00:00,SOURCE,0.0838,0.0184,0.0,0.1213,synthetic_control,FICTIONAL_SIMULATION_ONLY
SYN-0019,2019-06-12T00:00:00+00:00,SOURCE,0.0977,0.0215,0.0351,0.1694,synthetic_control,FICTIONAL_SIMULATION_ONLY
SYN-0020,2019-06-21T00:00:00+00:00,SOURCE,0.1626,0.0358,0.0,0.1722,synthetic_control,FICTIONAL_SIMULATION_ONLY
SYN-0021,2019-06-30T00:00:00+00:00,SOURCE,0.1376,0.0303,0.0073,0.1159,synthetic_control,FICTIONAL_SIMULATION_ONLY
SYN-0022,2019-07-09T00:00:00+00:00,SOURCE,0.1067,0.0235,0.0,0.2005,synthetic_positive,FICTIONAL_SIMULATION_ONLY
SYN-0023,2019-07-18T00:00:00+00:00,SOURCE,0.1281,0.0282,0.0251,0.1898,synthetic_positive,FICTIONAL_SIMULATION_ONLY
SYN-0024,2019-07-27T00:00:00+00:00,SOURCE,0.125,0.0275,0.0044,0.1486,synthetic_control,FICTIONAL_SIMULATION_ONLY
SYN-0025,2019-08-05T00:00:00+00:00,SOURCE,0.1441,0.0317,0.0228,0.1826,synthetic_control,FICTIONAL_SIMULATION_ONLY
SYN-0026,2019-08-14T00:00:00+00:00,SOURCE,0.2665,0.0586,0.0364,0.1289,synthetic_control,FICTIONAL_SIMULATION_ONLY
SYN-0027,2019-08-23T00:00:00+00:00,SOURCE,0.0626,0.0138,0.0,0.1315,synthetic_control,FICTIONAL_SIMULATION_ONLY
SYN-0028,2019-09-01T00:00:00+00:00,SOURCE,0.144,0.0317,0.0436,0.1186,synthetic_control,FICTIONAL_SIMULATION_ONLY
SYN-0029,2019-09-10T00:00:00+00:00,SOURCE,0.1203,0.0265,0.0,0.086,synthetic_positive,FICTIONAL_SIMULATION_ONLY
SYN-0030,2019-09-19T00:00:00+00:00,SOURCE,0.0862,0.019,0.006,0.1249,synthetic_positive,FICTIONAL_SIMULATION_ONLY
SYN-0031,2019-09-28T00:00:00+00:00,SOURCE,0.1619,0.0356,0.0584,0.1763,synthetic_control,FICTIONAL_SIMULATION_ONLY
SYN-0032,2019-10-07T00:00:00+00:00,SOURCE,0.1505,0.0331,0.0039,0.0754,synthetic_control,FICTIONAL_SIMULATION_ONLY
SYN-0033,2019-10-16T00:00:00+00:00,SOURCE,0.2332,0.0513,0.0632,0.1235,synthetic_control,FICTIONAL_SIMULATION_ONLY
SYN-0034,2019-10-25T00:00:00+00:00,SOURCE,0.2252,0.0495,0.0204,0.1599,synthetic_control,FICTIONAL_SIMULATION_ONLY
SYN-0035,2019-11-03T00:00:00+00:00,SOURCE,0.0595,0.0131,0.0277,0.1048,synthetic_control,FICTIONAL_SIMULATION_ONLY
SYN-0036,2019-11-12T00:00:00+00:00,SOURCE,0.1837,0.0404,0.0596,0.1695,synthetic_positive,FICTIONAL_SIMULATION_ONLY
SYN-0037,2019-11-21T00:00:00+00:00,SOURCE,0.1277,0.0281,0.0,0.1557,synthetic_positive,FICTIONAL_SIMULATION_ONLY
SYN-0038,2019-11-30T00:00:00+00:00,SOURCE,0.3507,0.0772,0.0255,0.2315,synthetic_control,FICTIONAL_SIMULATION_ONLY
SYN-0039,2019-12-09T00:00:00+00:00,SOURCE,0.3327,0.0732,0.0,0.1736,synthetic_control,FICTIONAL_SIMULATION_ONLY
SYN-0040,2019-12-18T00:00:00+00:00,SOURCE,0.2382,0.0524,0.0,0.1017,synthetic_control,FICTIONAL_SIMULATION_ONLY
SYN-0041,2019-12-27T00:00:00+00:00,SOURCE,0.257,0.0565,0.0463,0.2035,synthetic_control,FICTIONAL_SIMULATION_ONLY
SYN-0042,2020-01-05T00:00:00+00:00,SOURCE,0.3134,0.0689,0.0228,0.1639,synthetic_control,FICTIONAL_SIMULATION_ONLY
SYN-0043,2020-01-14T00:00:00+00:00,SOURCE,0.1476,0.0325,0.0401,0.1319,synthetic_positive,FICTIONAL_SIMULATION_ONLY
SYN-0044,2020-01-23T00:00:00+00:00,SOURCE,0.1317,0.029,0.0,0.0888,synthetic_positive,FICTIONAL_SIMULATION_ONLY
SYN-0045,2020-02-01T00:00:00+00:00,SOURCE,0.2333,0.0513,0.0132,0.1715,synthetic_control,FICTIONAL_SIMULATION_ONLY
SYN-0046,2020-02-10T00:00:00+00:00,SOURCE,0.2219,0.0488,0.009,0.1258,synthetic_control,FICTIONAL_SIMULATION_ONLY
SYN-0047,2020-02-19T00:00:00+00:00,SOURCE,0.0557,0.0122,0.0,0.0899,synthetic_control,FICTIONAL_SIMULATION_ONLY
SYN-0048,2020-02-28T00:00:00+00:00,SOURCE,0.4095,0.0901,0.0494,0.1735,synthetic_control,FICTIONAL_SIMULATION_ONLY
SYN-0049,2020-03-08T00:00:00+00:00,ENCODE,0.174,0.0609,0.0175,0.0866,synthetic_control,FICTIONAL_SIMULATION_ONLY
SYN-0050,2020-03-17T00:00:00+00:00,ENCODE,0.1089,0.0381,0.0341,0.1696,synthetic_positive,FICTIONAL_SIMULATION_ONLY
SYN-0051,2020-03-26T00:00:00+00:00,ENCODE,0.2663,0.0932,0.059,0.2045,synthetic_positive,FICTIONAL_SIMULATION_ONLY
SYN-0052,2020-04-04T00:00:00+00:00,ENCODE,0.2878,0.1007,0.0446,0.1996,synthetic_control,FICTIONAL_SIMULATION_ONLY
SYN-0053,2020-04-13T00:00:00+00:00,ENCODE,0.3539,0.1239,0.0597,0.1601,synthetic_control,FICTIONAL_SIMULATION_ONLY
SYN-0054,2020-04-22T00:00:00+00:00,ENCODE,0.174,0.0609,0.058,0.1452,synthetic_control,FICTIONAL_SIMULATION_ONLY
SYN-0055,2020-05-01T00:00:00+00:00,ENCODE,0.1281,0.0448,0.0,0.1152,synthetic_control,FICTIONAL_SIMULATION_ONLY
SYN-0056,2020-05-10T00:00:00+00:00,ENCODE,0.2884,0.1009,0.0412,0.1141,synthetic_control,FICTIONAL_SIMULATION_ONLY
SYN-0057,2020-05-19T00:00:00+00:00,ENCODE,0.1866,0.0653,0.0051,0.1169,synthetic_positive,FICTIONAL_SIMULATION_ONLY
SYN-0058,2020-05-28T00:00:00+00:00,ENCODE,0.3327,0.1165,0.076,0.2241,synthetic_positive,FICTIONAL_SIMULATION_ONLY
SYN-0059,2020-06-06T00:00:00+00:00,ENCODE,0.1704,0.0597,0.0281,0.0736,synthetic_control,FICTIONAL_SIMULATION_ONLY
SYN-0060,2020-06-15T00:00:00+00:00,ENCODE,0.2043,0.0715,0.0597,0.1821,synthetic_control,FICTIONAL_SIMULATION_ONLY
SYN-0061,2020-06-24T00:00:00+00:00,ENCODE,0.2986,0.1045,0.0492,0.1357,synthetic_control,FICTIONAL_SIMULATION_ONLY
SYN-0062,2020-07-03T00:00:00+00:00,ENCODE,0.3143,0.11,0.0811,0.2208,synthetic_control,FICTIONAL_SIMULATION_ONLY
SYN-0063,2020-07-12T00:00:00+00:00,ENCODE,0.3473,0.1215,0.0564,0.2349,synthetic_control,FICTIONAL_SIMULATION_ONLY
SYN-0064,2020-07-21T00:00:00+00:00,ENCODE,0.3417,0.1196,0.0645,0.1658,synthetic_positive,FICTIONAL_SIMULATION_ONLY
SYN-0065,2020-07-30T00:00:00+00:00,ENCODE,0.312,0.1092,0.082,0.2053,synthetic_positive,FICTIONAL_SIMULATION_ONLY
SYN-0066,2020-08-08T00:00:00+00:00,ENCODE,0.247,0.0865,0.044,0.0927,synthetic_control,FICTIONAL_SIMULATION_ONLY
SYN-0067,2020-08-17T00:00:00+00:00,ENCODE,0.2632,0.0921,0.0383,0.1663,synthetic_control,FICTIONAL_SIMULATION_ONLY
SYN-0068,2020-08-26T00:00:00+00:00,ENCODE,0.1386,0.0485,0.0222,0.1165,synthetic_control,FICTIONAL_SIMULATION_ONLY
SYN-0069,2020-09-04T00:00:00+00:00,ENCODE,0.361,0.1263,0.0837,0.2613,synthetic_control,FICTIONAL_SIMULATION_ONLY
SYN-0070,2020-09-13T00:00:00+00:00,ENCODE,0.2718,0.0951,0.08,0.1374,synthetic_control,FICTIONAL_SIMULATION_ONLY
SYN-0071,2020-09-22T00:00:00+00:00,ENCODE,0.2388,0.0836,0.084,0.1957,synthetic_positive,FICTIONAL_SIMULATION_ONLY
SYN-0072,2020-10-01T00:00:00+00:00,ENCODE,0.1253,0.0439,0.0698,0.169,synthetic_positive,FICTIONAL_SIMULATION_ONLY
SYN-0073,2020-10-10T00:00:00+00:00,ENCODE,0.2675,0.0936,0.0447,0.1859,synthetic_control,FICTIONAL_SIMULATION_ONLY
SYN-0074,2020-10-19T00:00:00+00:00,ENCODE,0.1879,0.0658,0.0884,0.1681,synthetic_control,FICTIONAL_SIMULATION_ONLY
SYN-0075,2020-10-28T00:00:00+00:00,ENCODE,0.3809,0.1333,0.0418,0.1624,synthetic_control,FICTIONAL_SIMULATION_ONLY
SYN-0076,2020-11-06T00:00:00+00:00,ENCODE,0.296,0.1036,0.0962,0.1541,synthetic_control,FICTIONAL_SIMULATION_ONLY
SYN-0077,2020-11-15T00:00:00+00:00,ENCODE,0.3594,0.1258,0.0334,0.1997,synthetic_control,FICTIONAL_SIMULATION_ONLY
SYN-0078,2020-11-24T00:00:00+00:00,ENCODE,0.3256,0.114,0.0486,0.1796,synthetic_positive,FICTIONAL_SIMULATION_ONLY
SYN-0079,2020-12-03T00:00:00+00:00,ENCODE,0.256,0.0896,0.0363,0.1973,synthetic_positive,FICTIONAL_SIMULATION_ONLY
SYN-0080,2020-12-12T00:00:00+00:00,ENCODE,0.2648,0.0927,0.0,0.0942,synthetic_control,FICTIONAL_SIMULATION_ONLY
SYN-0081,2020-12-21T00:00:00+00:00,ENCODE,0.3264,0.1142,0.1047,0.1878,synthetic_control,FICTIONAL_SIMULATION_ONLY
SYN-0082,2020-12-30T00:00:00+00:00,ENCODE,0.3337,0.1168,0.0526,0.1904,synthetic_control,FICTIONAL_SIMULATION_ONLY
SYN-0083,2021-01-08T00:00:00+00:00,ENCODE,0.3367,0.1178,0.0,0.1822,synthetic_control,FICTIONAL_SIMULATION_ONLY
SYN-0084,2021-01-17T00:00:00+00:00,ENCODE,0.4305,0.1507,0.0296,0.1119,synthetic_control,FICTIONAL_SIMULATION_ONLY
SYN-0085,2021-01-26T00:00:00+00:00,ENCODE,0.1974,0.0691,0.0547,0.15,synthetic_positive,FICTIONAL_SIMULATION_ONLY
SYN-0086,2021-02-04T00:00:00+00:00,ENCODE,0.3053,0.1069,0.0746,0.1973,synthetic_positive,FICTIONAL_SIMULATION_ONLY
SYN-0087,2021-02-13T00:00:00+00:00,ENCODE,0.3956,0.1385,0.07,0.1851,synthetic_control,FICTIONAL_SIMULATION_ONLY
SYN-0088,2021-02-22T00:00:00+00:00,ENCODE,0.2291,0.0802,0.0218,0.2179,synthetic_control,FICTIONAL_SIMULATION_ONLY
SYN-0089,2021-03-03T00:00:00+00:00,ENCODE,0.3933,0.1377,0.004,0.1696,synthetic_control,FICTIONAL_SIMULATION_ONLY
SYN-0090,2021-03-12T00:00:00+00:00,ENCODE,0.2764,0.0967,0.0733,0.1087,synthetic_control,FICTIONAL_SIMULATION_ONLY
SYN-0091,2021-03-21T00:00:00+00:00,ENCODE,0.2935,0.1027,0.0296,0.1274,synthetic_control,FICTIONAL_SIMULATION_ONLY
SYN-0092,2021-03-30T00:00:00+00:00,ENCODE,0.2898,0.1014,0.0624,0.1879,synthetic_positive,FICTIONAL_SIMULATION_ONLY
SYN-0093,2021-04-08T00:00:00+00:00,ENCODE,0.3525,0.1234,0.0736,0.1929,synthetic_positive,FICTIONAL_SIMULATION_ONLY
SYN-0094,2021-04-17T00:00:00+00:00,ENCODE,0.2819,0.0987,0.0258,0.1845,synthetic_control,FICTIONAL_SIMULATION_ONLY
SYN-0095,2021-04-26T00:00:00+00:00,ENCODE,0.3181,0.1113,0.0737,0.1483,synthetic_control,FICTIONAL_SIMULATION_ONLY
SYN-0096,2021-05-05T00:00:00+00:00,ENCODE,0.429,0.1501,0.0725,0.1737,synthetic_control,FICTIONAL_SIMULATION_ONLY
SYN-0097,2021-05-14T00:00:00+00:00,INGEST,0.319,0.1531,0.0526,0.123,synthetic_control,FICTIONAL_SIMULATION_ONLY
SYN-0098,2021-05-23T00:00:00+00:00,INGEST,0.3552,0.1705,0.0716,0.1689,synthetic_control,FICTIONAL_SIMULATION_ONLY
SYN-0099,2021-06-01T00:00:00+00:00,INGEST,0.367,0.1762,0.1017,0.2686,synthetic_positive,FICTIONAL_SIMULATION_ONLY
SYN-0100,2021-06-10T00:00:00+00:00,INGEST,0.3418,0.1641,0.0942,0.1724,synthetic_positive,FICTIONAL_SIMULATION_ONLY
SYN-0101,2021-06-19T00:00:00+00:00,INGEST,0.3376,0.162,0.1167,0.2206,synthetic_control,FICTIONAL_SIMULATION_ONLY
SYN-0102,2021-06-28T00:00:00+00:00,INGEST,0.3705,0.1778,0.0843,0.2123,synthetic_control,FICTIONAL_SIMULATION_ONLY
SYN-0103,2021-07-07T00:00:00+00:00,INGEST,0.3366,0.1616,0.0986,0.1925,synthetic_control,FICTIONAL_SIMULATION_ONLY
SYN-0104,2021-07-16T00:00:00+00:00,INGEST,0.4528,0.2174,0.1348,0.268,synthetic_control,FICTIONAL_SIMULATION_ONLY
SYN-0105,2021-07-25T00:00:00+00:00,INGEST,0.4004,0.1922,0.0818,0.1994,synthetic_control,FICTIONAL_SIMULATION_ONLY
SYN-0106,2021-08-03T00:00:00+00:00,INGEST,0.395,0.1896,0.1572,0.2229,synthetic_positive,FICTIONAL_SIMULATION_ONLY
SYN-0107,2021-08-12T00:00:00+00:00,INGEST,0.3158,0.1516,0.084,0.1438,synthetic_positive,FICTIONAL_SIMULATION_ONLY
SYN-0108,2021-08-21T00:00:00+00:00,INGEST,0.3222,0.1546,0.0291,0.1333,synthetic_control,FICTIONAL_SIMULATION_ONLY
SYN-0109,2021-08-30T00:00:00+00:00,INGEST,0.4895,0.235,0.1109,0.2242,synthetic_control,FICTIONAL_SIMULATION_ONLY
SYN-0110,2021-09-08T00:00:00+00:00,INGEST,0.4749,0.2279,0.1228,0.1931,synthetic_control,FICTIONAL_SIMULATION_ONLY
SYN-0111,2021-09-17T00:00:00+00:00,INGEST,0.3785,0.1817,0.0836,0.1888,synthetic_control,FICTIONAL_SIMULATION_ONLY
SYN-0112,2021-09-26T00:00:00+00:00,INGEST,0.3052,0.1465,0.0816,0.1671,synthetic_control,FICTIONAL_SIMULATION_ONLY
SYN-0113,2021-10-05T00:00:00+00:00,INGEST,0.3951,0.1896,0.0682,0.159,synthetic_positive,FICTIONAL_SIMULATION_ONLY
SYN-0114,2021-10-14T00:00:00+00:00,INGEST,0.3392,0.1628,0.0671,0.1549,synthetic_positive,FICTIONAL_SIMULATION_ONLY
SYN-0115,2021-10-23T00:00:00+00:00,INGEST,0.3956,0.1899,0.1149,0.241,synthetic_control,FICTIONAL_SIMULATION_ONLY
SYN-0116,2021-11-01T00:00:00+00:00,INGEST,0.3616,0.1736,0.0877,0.1785,synthetic_control,FICTIONAL_SIMULATION_ONLY
SYN-0117,2021-11-10T00:00:00+00:00,INGEST,0.3623,0.1739,0.1197,0.1238,synthetic_control,FICTIONAL_SIMULATION_ONLY
SYN-0118,2021-11-19T00:00:00+00:00,INGEST,0.3807,0.1827,0.1672,0.2289,synthetic_control,FICTIONAL_SIMULATION_ONLY
SYN-0119,2021-11-28T00:00:00+00:00,INGEST,0.406,0.1949,0.1413,0.1804,synthetic_control,FICTIONAL_SIMULATION_ONLY
SYN-0120,2021-12-07T00:00:00+00:00,INGEST,0.3535,0.1697,0.1061,0.1918,synthetic_positive,FICTIONAL_SIMULATION_ONLY
SYN-0121,2021-12-16T00:00:00+00:00,INGEST,0.4595,0.2206,0.1316,0.2224,synthetic_positive,FICTIONAL_SIMULATION_ONLY
SYN-0122,2021-12-25T00:00:00+00:00,INGEST,0.3262,0.1566,0.097,0.1821,synthetic_control,FICTIONAL_SIMULATION_ONLY
SYN-0123,2022-01-03T00:00:00+00:00,INGEST,0.4766,0.2288,0.1577,0.2591,synthetic_control,FICTIONAL_SIMULATION_ONLY
SYN-0124,2022-01-12T00:00:00+00:00,INGEST,0.432,0.2073,0.0958,0.2129,synthetic_control,FICTIONAL_SIMULATION_ONLY
SYN-0125,2022-01-21T00:00:00+00:00,INGEST,0.4647,0.223,0.1519,0.1839,synthetic_control,FICTIONAL_SIMULATION_ONLY
SYN-0126,2022-01-30T00:00:00+00:00,INGEST,0.3646,0.175,0.0574,0.1191,synthetic_control,FICTIONAL_SIMULATION_ONLY
SYN-0127,2022-02-08T00:00:00+00:00,INGEST,0.3755,0.1802,0.0807,0.1201,synthetic_positive,FICTIONAL_SIMULATION_ONLY
SYN-0128,2022-02-17T00:00:00+00:00,INGEST,0.4915,0.2359,0.1148,0.1612,synthetic_positive,FICTIONAL_SIMULATION_ONLY
SYN-0129,2022-02-26T00:00:00+00:00,INGEST,0.4516,0.2168,0.1676,0.2724,synthetic_control,FICTIONAL_SIMULATION_ONLY
SYN-0130,2022-03-07T00:00:00+00:00,INGEST,0.4649,0.2232,0.1334,0.2385,synthetic_control,FICTIONAL_SIMULATION_ONLY
SYN-0131,2022-03-16T00:00:00+00:00,INGEST,0.4987,0.2394,0.1295,0.198,synthetic_control,FICTIONAL_SIMULATION_ONLY
SYN-0132,2022-03-25T00:00:00+00:00,INGEST,0.3811,0.1829,0.0628,0.1413,synthetic_control,FICTIONAL_SIMULATION_ONLY
SYN-0133,2022-04-03T00:00:00+00:00,INGEST,0.3178,0.1525,0.0896,0.1245,synthetic_control,FICTIONAL_SIMULATION_ONLY
SYN-0134,2022-04-12T00:00:00+00:00,INGEST,0.3931,0.1887,0.1249,0.2561,synthetic_positive,FICTIONAL_SIMULATION_ONLY
SYN-0135,2022-04-21T00:00:00+00:00,INGEST,0.4362,0.2094,0.0948,0.2467,synthetic_positive,FICTIONAL_SIMULATION_ONLY
SYN-0136,2022-04-30T00:00:00+00:00,INGEST,0.4126,0.198,0.134,0.187,synthetic_control,FICTIONAL_SIMULATION_ONLY
SYN-0137,2022-05-09T00:00:00+00:00,INGEST,0.4612,0.2214,0.1407,0.2239,synthetic_control,FICTIONAL_SIMULATION_ONLY
SYN-0138,2022-05-18T00:00:00+00:00,INGEST,0.3777,0.1813,0.1426,0.2236,synthetic_control,FICTIONAL_SIMULATION_ONLY
SYN-0139,2022-05-27T00:00:00+00:00,INGEST,0.5515,0.2647,0.1144,0.1982,synthetic_control,FICTIONAL_SIMULATION_ONLY
SYN-0140,2022-06-05T00:00:00+00:00,INGEST,0.4296,0.2062,0.0744,0.0836,synthetic_control,FICTIONAL_SIMULATION_ONLY
SYN-0141,2022-06-14T00:00:00+00:00,INGEST,0.4357,0.2091,0.1429,0.2263,synthetic_positive,FICTIONAL_SIMULATION_ONLY
SYN-0142,2022-06-23T00:00:00+00:00,INGEST,0.5953,0.2857,0.1417,0.2976,synthetic_positive,FICTIONAL_SIMULATION_ONLY
SYN-0143,2022-07-02T00:00:00+00:00,INGEST,0.4893,0.2348,0.1177,0.232,synthetic_control,FICTIONAL_SIMULATION_ONLY
SYN-0144,2022-07-11T00:00:00+00:00,INGEST,0.5682,0.2727,0.1651,0.2922,synthetic_control,FICTIONAL_SIMULATION_ONLY
SYN-0145,2022-07-20T00:00:00+00:00,TRAIN,0.5269,0.3214,0.2076,0.2593,synthetic_control,FICTIONAL_SIMULATION_ONLY
SYN-0146,2022-07-29T00:00:00+00:00,TRAIN,0.364,0.222,0.1478,0.187,synthetic_control,FICTIONAL_SIMULATION_ONLY
SYN-0147,2022-08-07T00:00:00+00:00,TRAIN,0.4427,0.2701,0.1754,0.2324,synthetic_control,FICTIONAL_SIMULATION_ONLY
SYN-0148,2022-08-16T00:00:00+00:00,TRAIN,0.4567,0.2786,0.2332,0.2927,synthetic_positive,FICTIONAL_SIMULATION_ONLY
SYN-0149,2022-08-25T00:00:00+00:00,TRAIN,0.5818,0.3549,0.2454,0.3307,synthetic_positive,FICTIONAL_SIMULATION_ONLY
SYN-0150,2022-09-03T00:00:00+00:00,TRAIN,0.5199,0.3172,0.1747,0.2557,synthetic_control,FICTIONAL_SIMULATION_ONLY
SYN-0151,2022-09-12T00:00:00+00:00,TRAIN,0.5439,0.3318,0.2313,0.3109,synthetic_control,FICTIONAL_SIMULATION_ONLY
SYN-0152,2022-09-21T00:00:00+00:00,TRAIN,0.3986,0.2431,0.1117,0.2761,synthetic_control,FICTIONAL_SIMULATION_ONLY
SYN-0153,2022-09-30T00:00:00+00:00,TRAIN,0.3818,0.2329,0.1725,0.2581,synthetic_control,FICTIONAL_SIMULATION_ONLY
SYN-0154,2022-10-09T00:00:00+00:00,TRAIN,0.5294,0.3229,0.2434,0.3202,synthetic_control,FICTIONAL_SIMULATION_ONLY
SYN-0155,2022-10-18T00:00:00+00:00,TRAIN,0.5861,0.3575,0.2205,0.3546,synthetic_positive,FICTIONAL_SIMULATION_ONLY
SYN-0156,2022-10-27T00:00:00+00:00,TRAIN,0.4179,0.2549,0.1405,0.2029,synthetic_positive,FICTIONAL_SIMULATION_ONLY
SYN-0157,2022-11-05T00:00:00+00:00,TRAIN,0.5453,0.3326,0.269,0.2878,synthetic_control,FICTIONAL_SIMULATION_ONLY
SYN-0158,2022-11-14T00:00:00+00:00,TRAIN,0.5534,0.3375,0.1968,0.343,synthetic_control,FICTIONAL_SIMULATION_ONLY
SYN-0159,2022-11-23T00:00:00+00:00,TRAIN,0.4608,0.2811,0.1758,0.256,synthetic_control,FICTIONAL_SIMULATION_ONLY
SYN-0160,2022-12-02T00:00:00+00:00,TRAIN,0.4874,0.2973,0.1951,0.2959,synthetic_control,FICTIONAL_SIMULATION_ONLY
SYN-0161,2022-12-11T00:00:00+00:00,TRAIN,0.6573,0.401,0.2842,0.344,synthetic_control,FICTIONAL_SIMULATION_ONLY
SYN-0162,2022-12-20T00:00:00+00:00,TRAIN,0.4854,0.2961,0.1526,0.2807,synthetic_positive,FICTIONAL_SIMULATION_ONLY
SYN-0163,2022-12-29T00:00:00+00:00,TRAIN,0.5503,0.3357,0.2386,0.264,synthetic_positive,FICTIONAL_SIMULATION_ONLY
SYN-0164,2023-01-07T00:00:00+00:00,TRAIN,0.4918,0.3,0.2185,0.3183,synthetic_control,FICTIONAL_SIMULATION_ONLY
SYN-0165,2023-01-16T00:00:00+00:00,TRAIN,0.4275,0.2608,0.1353,0.3087,synthetic_control,FICTIONAL_SIMULATION_ONLY
SYN-0166,2023-01-25T00:00:00+00:00,TRAIN,0.3922,0.2392,0.1431,0.2747,synthetic_control,FICTIONAL_SIMULATION_ONLY
SYN-0167,2023-02-03T00:00:00+00:00,TRAIN,0.5673,0.346,0.2787,0.3281,synthetic_control,FICTIONAL_SIMULATION_ONLY
SYN-0168,2023-02-12T00:00:00+00:00,TRAIN,0.5493,0.3351,0.221,0.2203,synthetic_control,FICTIONAL_SIMULATION_ONLY
SYN-0169,2023-02-21T00:00:00+00:00,TRAIN,0.6197,0.378,0.2171,0.2536,synthetic_positive,FICTIONAL_SIMULATION_ONLY
SYN-0170,2023-03-02T00:00:00+00:00,TRAIN,0.5385,0.3285,0.2468,0.3801,synthetic_positive,FICTIONAL_SIMULATION_ONLY
SYN-0171,2023-03-11T00:00:00+00:00,TRAIN,0.6034,0.3681,0.2435,0.3048,synthetic_control,FICTIONAL_SIMULATION_ONLY
SYN-0172,2023-03-20T00:00:00+00:00,TRAIN,0.61,0.3721,0.2524,0.3238,synthetic_control,FICTIONAL_SIMULATION_ONLY
SYN-0173,2023-03-29T00:00:00+00:00,TRAIN,0.5195,0.3169,0.2145,0.2884,synthetic_control,FICTIONAL_SIMULATION_ONLY
SYN-0174,2023-04-07T00:00:00+00:00,TRAIN,0.5876,0.3584,0.2704,0.3604,synthetic_control,FICTIONAL_SIMULATION_ONLY
SYN-0175,2023-04-16T00:00:00+00:00,TRAIN,0.5526,0.3371,0.2144,0.3053,synthetic_control,FICTIONAL_SIMULATION_ONLY
SYN-0176,2023-04-25T00:00:00+00:00,TRAIN,0.6318,0.3854,0.2505,0.3176,synthetic_positive,FICTIONAL_SIMULATION_ONLY
SYN-0177,2023-05-04T00:00:00+00:00,TRAIN,0.5336,0.3255,0.2182,0.3019,synthetic_positive,FICTIONAL_SIMULATION_ONLY
SYN-0178,2023-05-13T00:00:00+00:00,TRAIN,0.4241,0.2587,0.132,0.1743,synthetic_control,FICTIONAL_SIMULATION_ONLY
SYN-0179,2023-05-22T00:00:00+00:00,TRAIN,0.5315,0.3242,0.2254,0.2478,synthetic_control,FICTIONAL_SIMULATION_ONLY
SYN-0180,2023-05-31T00:00:00+00:00,TRAIN,0.6035,0.3682,0.227,0.4034,synthetic_control,FICTIONAL_SIMULATION_ONLY
SYN-0181,2023-06-09T00:00:00+00:00,TRAIN,0.5488,0.3348,0.248,0.2824,synthetic_control,FICTIONAL_SIMULATION_ONLY
SYN-0182,2023-06-18T00:00:00+00:00,TRAIN,0.5601,0.3417,0.2523,0.2791,synthetic_control,FICTIONAL_SIMULATION_ONLY
SYN-0183,2023-06-27T00:00:00+00:00,TRAIN,0.4726,0.2883,0.1931,0.3058,synthetic_positive,FICTIONAL_SIMULATION_ONLY
SYN-0184,2023-07-06T00:00:00+00:00,TRAIN,0.4916,0.2999,0.1546,0.2539,synthetic_positive,FICTIONAL_SIMULATION_ONLY
SYN-0185,2023-07-15T00:00:00+00:00,TRAIN,0.5138,0.3134,0.2217,0.2637,synthetic_control,FICTIONAL_SIMULATION_ONLY
SYN-0186,2023-07-24T00:00:00+00:00,TRAIN,0.5186,0.3163,0.248,0.2865,synthetic_control,FICTIONAL_SIMULATION_ONLY
SYN-0187,2023-08-02T00:00:00+00:00,TRAIN,0.6883,0.4199,0.3051,0.4163,synthetic_control,FICTIONAL_SIMULATION_ONLY
SYN-0188,2023-08-11T00:00:00+00:00,TRAIN,0.4586,0.2797,0.1737,0.2519,synthetic_control,FICTIONAL_SIMULATION_ONLY
SYN-0189,2023-08-20T00:00:00+00:00,TRAIN,0.5489,0.3348,0.2573,0.2595,synthetic_control,FICTIONAL_SIMULATION_ONLY
SYN-0190,2023-08-29T00:00:00+00:00,TRAIN,0.4859,0.2964,0.2241,0.3002,synthetic_positive,FICTIONAL_SIMULATION_ONLY
SYN-0191,2023-09-07T00:00:00+00:00,TRAIN,0.5689,0.347,0.2415,0.3768,synthetic_positive,FICTIONAL_SIMULATION_ONLY
SYN-0192,2023-09-16T00:00:00+00:00,TRAIN,0.6449,0.3934,0.292,0.4001,synthetic_control,FICTIONAL_SIMULATION_ONLY
SYN-0193,2023-09-25T00:00:00+00:00,RECALL,0.6417,0.4749,0.3931,0.3484,synthetic_control,FICTIONAL_SIMULATION_ONLY
SYN-0194,2023-10-04T00:00:00+00:00,RECALL,0.5585,0.4133,0.2804,0.3252,synthetic_control,FICTIONAL_SIMULATION_ONLY
SYN-0195,2023-10-13T00:00:00+00:00,RECALL,0.6051,0.4478,0.2959,0.3751,synthetic_control,FICTIONAL_SIMULATION_ONLY
SYN-0196,2023-10-22T00:00:00+00:00,RECALL,0.6901,0.5106,0.3734,0.4586,synthetic_control,FICTIONAL_SIMULATION_ONLY
SYN-0197,2023-10-31T00:00:00+00:00,RECALL,0.559,0.4137,0.3256,0.4085,synthetic_positive,FICTIONAL_SIMULATION_ONLY
SYN-0198,2023-11-09T00:00:00+00:00,RECALL,0.6697,0.4956,0.3538,0.3476,synthetic_positive,FICTIONAL_SIMULATION_ONLY
SYN-0199,2023-11-18T00:00:00+00:00,RECALL,0.684,0.5061,0.4088,0.3819,synthetic_control,FICTIONAL_SIMULATION_ONLY
SYN-0200,2023-11-27T00:00:00+00:00,RECALL,0.7067,0.5229,0.4157,0.4502,synthetic_control,FICTIONAL_SIMULATION_ONLY
SYN-0201,2023-12-06T00:00:00+00:00,RECALL,0.6499,0.4809,0.3842,0.4095,synthetic_control,FICTIONAL_SIMULATION_ONLY
SYN-0202,2023-12-15T00:00:00+00:00,RECALL,0.663,0.4906,0.3485,0.3995,synthetic_control,FICTIONAL_SIMULATION_ONLY
SYN-0203,2023-12-24T00:00:00+00:00,RECALL,0.6262,0.4634,0.4075,0.4938,synthetic_control,FICTIONAL_SIMULATION_ONLY
SYN-0204,2024-01-02T00:00:00+00:00,RECALL,0.6061,0.4485,0.3566,0.3716,synthetic_positive,FICTIONAL_SIMULATION_ONLY
SYN-0205,2024-01-11T00:00:00+00:00,RECALL,0.7556,0.5592,0.464,0.4935,synthetic_positive,FICTIONAL_SIMULATION_ONLY
SYN-0206,2024-01-20T00:00:00+00:00,RECALL,0.6923,0.5123,0.3702,0.357,synthetic_control,FICTIONAL_SIMULATION_ONLY
SYN-0207,2024-01-29T00:00:00+00:00,RECALL,0.5989,0.4432,0.3636,0.4101,synthetic_control,FICTIONAL_SIMULATION_ONLY
SYN-0208,2024-02-07T00:00:00+00:00,RECALL,0.754,0.558,0.4434,0.4605,synthetic_control,FICTIONAL_SIMULATION_ONLY
SYN-0209,2024-02-16T00:00:00+00:00,RECALL,0.6644,0.4917,0.418,0.479,synthetic_control,FICTIONAL_SIMULATION_ONLY
SYN-0210,2024-02-25T00:00:00+00:00,RECALL,0.7234,0.5353,0.391,0.4597,synthetic_control,FICTIONAL_SIMULATION_ONLY
SYN-0211,2024-03-05T00:00:00+00:00,RECALL,0.6873,0.5086,0.399,0.4647,synthetic_positive,FICTIONAL_SIMULATION_ONLY
SYN-0212,2024-03-14T00:00:00+00:00,RECALL,0.6269,0.4639,0.354,0.4167,synthetic_positive,FICTIONAL_SIMULATION_ONLY
SYN-0213,2024-03-23T00:00:00+00:00,RECALL,0.6527,0.483,0.3571,0.388,synthetic_control,FICTIONAL_SIMULATION_ONLY
SYN-0214,2024-04-01T00:00:00+00:00,RECALL,0.7502,0.5552,0.4657,0.4818,synthetic_control,FICTIONAL_SIMULATION_ONLY
SYN-0215,2024-04-10T00:00:00+00:00,RECALL,0.6299,0.4662,0.353,0.3462,synthetic_control,FICTIONAL_SIMULATION_ONLY
SYN-0216,2024-04-19T00:00:00+00:00,RECALL,0.6542,0.4841,0.368,0.4477,synthetic_control,FICTIONAL_SIMULATION_ONLY
SYN-0217,2024-04-28T00:00:00+00:00,RECALL,0.6714,0.4968,0.3787,0.4869,synthetic_control,FICTIONAL_SIMULATION_ONLY
SYN-0218,2024-05-07T00:00:00+00:00,RECALL,0.5877,0.4349,0.3218,0.4034,synthetic_positive,FICTIONAL_SIMULATION_ONLY
SYN-0219,2024-05-16T00:00:00+00:00,RECALL,0.715,0.5291,0.4119,0.4854,synthetic_positive,FICTIONAL_SIMULATION_ONLY
SYN-0220,2024-05-25T00:00:00+00:00,RECALL,0.574,0.4248,0.3031,0.3817,synthetic_control,FICTIONAL_SIMULATION_ONLY
SYN-0221,2024-06-03T00:00:00+00:00,RECALL,0.6432,0.476,0.3486,0.4653,synthetic_control,FICTIONAL_SIMULATION_ONLY
SYN-0222,2024-06-12T00:00:00+00:00,RECALL,0.5629,0.4166,0.2985,0.3633,synthetic_control,FICTIONAL_SIMULATION_ONLY
SYN-0223,2024-06-21T00:00:00+00:00,RECALL,0.7912,0.5855,0.5088,0.5817,synthetic_control,FICTIONAL_SIMULATION_ONLY
SYN-0224,2024-06-30T00:00:00+00:00,RECALL,0.6967,0.5156,0.4096,0.4347,synthetic_control,FICTIONAL_SIMULATION_ONLY
SYN-0225,2024-07-09T00:00:00+00:00,RECALL,0.6946,0.514,0.4285,0.45,synthetic_positive,FICTIONAL_SIMULATION_ONLY
SYN-0226,2024-07-18T00:00:00+00:00,RECALL,0.5925,0.4385,0.3458,0.3461,synthetic_positive,FICTIONAL_SIMULATION_ONLY
SYN-0227,2024-07-27T00:00:00+00:00,RECALL,0.7882,0.5832,0.4622,0.5002,synthetic_control,FICTIONAL_SIMULATION_ONLY
SYN-0228,2024-08-05T00:00:00+00:00,RECALL,0.6745,0.4991,0.4175,0.5093,synthetic_control,FICTIONAL_SIMULATION_ONLY
SYN-0229,2024-08-14T00:00:00+00:00,RECALL,0.7038,0.5208,0.3649,0.3929,synthetic_control,FICTIONAL_SIMULATION_ONLY
SYN-0230,2024-08-23T00:00:00+00:00,RECALL,0.7084,0.5242,0.4377,0.4072,synthetic_control,FICTIONAL_SIMULATION_ONLY
SYN-0231,2024-09-01T00:00:00+00:00,RECALL,0.5864,0.434,0.3292,0.3362,synthetic_control,FICTIONAL_SIMULATION_ONLY
SYN-0232,2024-09-10T00:00:00+00:00,RECALL,0.6916,0.5118,0.4169,0.3827,synthetic_positive,FICTIONAL_SIMULATION_ONLY
SYN-0233,2024-09-19T00:00:00+00:00,RECALL,0.6392,0.473,0.3597,0.4581,synthetic_positive,FICTIONAL_SIMULATION_ONLY
SYN-0234,2024-09-28T00:00:00+00:00,RECALL,0.6511,0.4818,0.3717,0.3789,synthetic_control,FICTIONAL_SIMULATION_ONLY
SYN-0235,2024-10-07T00:00:00+00:00,RECALL,0.8302,0.6143,0.4639,0.5158,synthetic_control,FICTIONAL_SIMULATION_ONLY
SYN-0236,2024-10-16T00:00:00+00:00,RECALL,0.7501,0.5551,0.4393,0.5202,synthetic_control,FICTIONAL_SIMULATION_ONLY
SYN-0237,2024-10-25T00:00:00+00:00,RECALL,0.7657,0.5666,0.4575,0.5404,synthetic_control,FICTIONAL_SIMULATION_ONLY
SYN-0238,2024-11-03T00:00:00+00:00,RECALL,0.7264,0.5375,0.484,0.4823,synthetic_control,FICTIONAL_SIMULATION_ONLY
SYN-0239,2024-11-12T00:00:00+00:00,RECALL,0.646,0.478,0.3988,0.5209,synthetic_positive,FICTIONAL_SIMULATION_ONLY
SYN-0240,2024-11-21T00:00:00+00:00,RECALL,0.8319,0.6156,0.5282,0.5474,synthetic_positive,FICTIONAL_SIMULATION_ONLY
